<?xml version="1.0" encoding="UTF-8"?>
<project-private xmlns="http://www.netbeans.org/ns/project-private/1">
    <editor-bookmarks xmlns="http://www.netbeans.org/ns/editor-bookmarks/2" lastBookmarkId="0"/>
    <open-files xmlns="http://www.netbeans.org/ns/projectui-open-files/2">
        <group>
            <file>file:/home/aristeidis/Documents/NetBeansProjects/TwitterMongoDBApp/src/twittermongodbapp/TwitterMongoDBApp.java</file>
            <file>file:/home/aristeidis/Documents/NetBeansProjects/TwitterMongoDBApp/src/twittermongodbapp/CollectTweets.java</file>
            <file>file:/home/aristeidis/Documents/NetBeansProjects/TwitterMongoDBApp/src/twittermongodbapp/JaccardSimilarity.java</file>
            <file>file:/home/aristeidis/Documents/NetBeansProjects/TwitterMongoDBApp/src/twittermongodbapp/SaveTweets.java</file>
        </group>
    </open-files>
</project-private>
